review_ref,category_id,user_id
2,35,1
2,45,1
2,48,1
6,35,1
6,38,1
6,49,1
8,38,1
9,49,1
10,35,1
10,43,1
12,35,1
12,43,1
13,35,1
13,48,1
15,35,1
15,40,1
15,48,1
16,42,1
20,48,1
20,49,1
22,35,1
22,38,1
22,48,1
24,43,1
25,35,1
25,48,1
26,35,1
26,36,1
29,38,1
30,48,1
31,38,1
31,49,1
33,35,1
33,36,1
34,35,1
34,36,1
34,40,1
35,35,1
36,48,1
37,35,1
37,38,1
37,48,1
38,41,1
39,38,1
42,49,1
48,35,1
48,48,1
52,48,1
55,38,1
55,49,1
56,48,1
57,35,1
57,38,1
64,48,1
67,48,1
71,35,1
71,43,1
71,48,1
73,35,1
73,38,1
73,40,1
74,35,3
74,36,3
74,40,3
74,48,3
78,35,3
78,48,3
79,43,3
79,48,3
80,35,3
80,40,3
81,35,3
81,48,3
82,35,3
82,43,3
83,35,3
83,41,3
83,42,3
84,33,3
85,48,3
89,43,3
90,49,3
92,35,3
92,36,3
95,43,3
96,35,3
96,48,3
99,35,3
99,40,3
100,35,3
100,48,3
102,41,3
103,35,3
103,45,3
103,48,3
104,35,3
104,36,3
104,48,3
105,48,3
106,43,3
106,48,3
109,44,3
109,48,3
112,41,3
113,35,3
113,48,3
117,43,3
117,48,3
120,48,3
121,33,3
122,35,3
122,38,3
124,48,3
125,48,3
128,35,3
128,40,3
128,48,3
129,35,3
129,43,3
130,35,3
130,43,3
131,49,3
132,48,3
133,49,3
137,35,3
137,49,3
138,36,3
138,41,3
139,43,3
140,35,3
140,38,3
140,42,3
140,48,3
142,38,3
143,48,3
145,38,3
145,43,3
148,43,3
149,41,3
150,35,3
150,48,3
155,43,3
157,35,3
157,44,3
157,49,3
158,34,3
158,35,3
158,43,3
159,35,3
159,38,3
161,49,3
162,49,3
164,34,3
166,35,3
166,45,3
166,48,3
168,43,3
168,48,3
169,45,3
169,48,3
170,36,3
170,38,3
170,49,3
171,38,3
171,39,3
173,35,3
173,40,3
174,44,3
175,35,3
175,38,3
178,38,3
178,48,3
180,43,3
182,48,3
184,35,3
184,43,3
184,48,3
187,38,3
187,48,3
188,35,3
188,49,3
191,38,3
191,43,3
192,35,3
192,48,3
193,35,3
193,48,3
194,35,3
194,45,3
194,49,3
195,48,3
197,35,3
197,48,3
198,38,3
198,48,3
199,35,3
199,38,3
199,49,3
200,48,3
201,35,3
201,48,3
203,41,3
203,44,3
205,35,3
205,48,3
212,34,3
212,38,3
213,39,3
216,38,3
217,35,3
217,49,3
218,39,3
220,48,3
222,43,3
222,48,3
223,49,3
228,35,3
228,49,3
231,35,3
231,49,3
232,35,3
232,48,3
234,35,3
234,38,3
235,38,3
236,35,3
236,43,3
236,48,3
239,35,3
239,48,3
240,35,3
240,43,3
240,48,3
242,38,3
242,48,3
243,34,3
243,48,3
245,35,3
245,43,3
245,48,3
246,35,3
246,48,3
247,35,3
247,37,3
250,48,3
250,49,3
251,38,3
251,48,3
253,35,3
253,36,3
254,48,3
255,45,3
257,35,3
257,48,3
261,48,3
262,38,3
262,48,3
264,48,3
265,44,3
265,48,3
266,43,3
270,48,3
271,45,3
271,48,3
272,35,3
272,48,3
272,49,3
275,35,3
275,48,3
277,35,3
277,49,3
278,36,3
278,37,3
278,49,3
279,38,3
280,35,3
280,49,3
282,49,3
283,39,3
283,40,3
284,35,3
284,36,3
284,40,3
285,48,3
288,38,3
288,45,3
289,35,3
289,43,3
289,48,3
290,49,3
291,35,3
291,38,3
293,37,3
293,40,3
295,37,3
296,48,3
297,48,3
300,35,3
300,48,3
302,48,3
304,38,3
305,36,3
305,49,3
513,37,3
513,38,3
515,45,3
516,35,3
516,49,3
517,38,3
518,35,3
518,49,3
519,38,3
520,34,3
520,48,3
521,50,3
523,35,3
523,38,3
524,38,3
524,42,3
526,49,3
527,35,3
527,40,3
529,35,3
529,38,3
530,36,3
531,48,3
532,35,3
532,38,3
536,39,3
536,45,3
537,35,3
537,38,3
539,42,3
539,45,3
540,38,3
540,42,3
541,35,3
541,40,3
542,39,3
546,38,3
546,45,3
549,35,3
549,38,3
549,42,3
553,45,3
554,42,3
554,45,3
558,35,3
558,36,3
558,38,3
559,45,3
561,35,3
561,36,3
562,44,3
566,45,3
566,49,3
568,38,3
568,49,3
569,35,3
569,36,3
570,49,3
572,49,3
573,37,3
575,38,3
575,49,3
577,35,3
577,36,3
582,48,3
582,49,3
583,49,3
585,35,3
585,37,3
587,49,3
588,38,3
588,49,3
590,41,3
591,38,3
592,41,3
594,35,3
594,38,3
595,49,3
596,35,3
596,36,3
602,36,3
602,42,3
603,35,3
603,38,3
604,49,3
605,45,3
605,48,3
606,50,3
607,35,3
607,49,3
610,35,3
610,40,3
611,35,3
611,38,3
614,45,3
614,49,3
616,38,3
616,49,3
619,35,3
619,45,3
620,45,3
620,49,3
621,35,3
621,48,3
621,49,3
622,35,3
622,48,3
623,41,3
623,45,3
624,35,3
624,40,3
627,39,3
628,38,3
628,49,3
630,49,3
631,35,3
631,49,3
632,39,3
633,42,3
634,34,3
635,35,3
635,38,3
637,42,3
638,41,3
640,33,3
641,45,3
642,35,3
642,49,3
645,42,3
645,48,3
647,35,3
647,45,3
648,33,3
649,35,3
649,36,3
650,35,3
650,38,3
651,35,3
651,36,3
653,38,3
654,42,3
654,45,3
655,42,3
655,45,3
656,35,3
656,36,3
657,38,3
657,45,3
658,45,3
664,36,3
665,35,3
665,40,3
668,35,3
668,45,3
670,38,3
670,45,3
672,42,3
672,45,3
673,39,3
674,39,3
677,35,3
677,40,3
677,44,3
678,38,3
683,35,3
683,48,3
684,49,3
687,35,3
687,38,3
687,48,3
691,35,3
691,36,3
691,48,3
693,36,3
693,48,3
696,38,3
696,42,3
698,37,3
700,38,3
701,41,3
701,42,3
702,41,3
705,38,3
705,49,3
706,38,3
708,42,3
709,42,3
711,38,3
713,35,3
714,42,3
717,36,3
717,48,3
721,36,3
721,42,3
723,38,3
724,35,3
724,40,3
725,34,3
727,41,3
730,42,3
732,35,3
732,38,3
732,45,3
733,34,3
737,35,3
737,39,3
738,36,3
739,48,3
741,35,3
741,49,3
743,42,3
743,48,3
746,35,3
746,36,3
746,48,3
747,33,3
751,38,3
752,42,3
753,45,3
756,42,3
760,33,3
761,40,3
765,49,3
767,38,3
767,49,3
768,50,3
772,49,3
773,33,3
777,49,3
779,33,3
780,48,3
782,44,3
1023,38,3
1024,33,3
1025,38,3
1026,38,3
1026,42,3
1028,48,3
1028,49,3
1030,39,3
1032,48,3
1033,33,3
1034,35,3
1034,38,3
1034,50,3
1035,35,3
1035,49,3
1036,45,3
1036,49,3
1038,38,3
1039,35,3
1039,39,3
1043,38,3
1043,49,3
1046,48,3
1048,44,3
1050,36,3
1050,39,3
1051,40,3
1056,42,3
1056,49,3
1057,38,3
1057,48,3
1060,35,3
1060,38,3
1063,39,3
1063,49,3
1064,45,3
1064,48,3
1066,35,3
1066,36,3
1066,38,3
1068,38,3
1069,36,3
1069,41,3
1072,39,3
1073,48,3
1074,48,3
1076,34,3
1076,38,3
1080,39,3
1083,39,3
1084,38,3
1084,49,3
1085,38,3
1085,48,3
1088,48,3
1089,35,3
1089,49,3
1091,38,3
1093,48,3
1094,35,3
1094,38,3
1097,38,3
1097,39,3
1100,48,3
1100,49,3
1101,38,3
1101,48,3
1103,38,3
1104,37,3
1106,48,3
1108,48,3
1111,48,3
1112,33,3
1112,39,3
1116,35,3
1116,45,3
1117,38,3
1117,48,3
1120,38,3
1120,39,3
1122,48,3
1128,35,3
1128,38,3
1129,45,3
1129,49,3
1130,38,3
1130,42,3
1130,48,3
1131,45,3
1132,35,3
1132,38,3
1136,48,3
1141,39,3
1142,35,3
1142,38,3
1142,48,3
1143,39,3
1143,42,3
1145,38,3
1145,41,3
1151,48,3
1154,38,3
1154,48,3
1155,48,3
1157,49,3
1159,38,3
1162,48,3
1163,39,3
1165,38,3
1165,48,3
1166,35,3
1166,48,3
1168,38,3
1169,48,3
1170,49,3
1171,48,3
1176,36,3
1176,45,3
1176,48,3
1178,39,3
1179,38,3
1179,39,3
1179,56,3
1180,35,3
1180,38,3
1181,39,3
1182,48,3
1183,38,3
1186,33,3
1187,38,3
1189,35,3
1189,36,3
1190,36,3
1190,42,3
1191,39,3
1191,45,3
1193,45,3
1197,49,3
1199,33,3
1200,48,3
1203,48,3
1204,41,3
1205,38,3
1207,33,3
1208,48,3
1209,35,3
1209,49,3
1210,33,3
1211,49,3
1215,48,3
1217,39,3
1221,56,3
1229,35,3
1229,38,3
1229,41,3
1230,35,3
1230,48,3
1231,48,3
1232,36,3
1232,37,3
1234,48,3
1236,39,3
1236,45,3
1237,39,3
1238,45,3
1238,48,3
1239,38,3
1239,45,3
1239,48,3
1240,48,3
1278,33,3
1279,34,3
1280,34,3
1281,34,3
1283,33,3
1284,34,3
1289,33,3
1293,34,3
1294,33,3
1303,33,3
1305,33,3
1311,33,3
1319,33,3
1320,33,3
1325,45,3
1338,33,3
1342,34,3
1345,33,3
1346,33,3
1347,33,3
1348,33,3
1350,33,3
1352,33,3
1355,33,3
1361,34,3
1365,34,3
1367,33,3
1372,34,3
1376,33,3
1378,34,3
1381,34,3
1382,33,3
1393,34,3
1395,34,3
1399,34,3
1404,34,3
1405,33,3
1409,41,3
1415,33,3
1417,33,3
1423,34,3
1426,33,3
1445,34,3
1446,34,3
1450,33,3
1452,33,3
1455,34,3
1457,34,3
1460,34,3
1465,34,3
1535,33,3
1536,48,3
1537,48,3
1539,45,3
1540,33,3
1542,39,3
1543,50,3
1545,48,3
1546,38,3
1546,50,3
1547,33,3
1548,42,3
1550,38,3
1553,49,3
1554,39,3
1554,48,3
1556,39,3
1558,36,3
1558,49,3
1559,38,3
1559,48,3
1560,36,3
1563,38,3
1563,50,3
1565,38,3
1565,48,3
1572,49,3
1573,36,3
1573,41,3
1574,39,3
1574,50,3
1578,44,3
1579,49,3
1580,48,3
1581,45,3
1586,40,3
1588,33,3
1590,34,3
1594,33,3
1596,38,3
1596,41,3
1597,50,3
1598,38,3
1599,38,3
1603,33,3
1601,39,3
1601,50,3
1604,50,3
1607,33,3
1609,36,3
1610,38,3
1611,39,3
1613,38,3
1613,42,3
1614,38,3
1618,35,3
1618,38,3
1619,39,3
1619,50,3
1621,39,3
1621,50,3
1625,39,3
1625,50,3
1627,38,3
1627,45,3
1628,38,3
1628,39,3
1628,50,3
1634,35,3
1634,38,3
1634,45,3
1635,38,3
1638,39,3
1638,50,3
1639,35,3
1639,38,3
1641,45,3
1643,39,3
1643,50,3
1644,38,3
1644,41,3
1645,50,3
1646,36,3
1646,38,3
1646,39,3
1649,49,3
1652,38,3
1654,39,3
1654,50,3
1655,44,3
1655,49,3
1657,38,3
1658,38,3
1658,50,3
1660,38,3
1660,39,3
1660,50,3
1661,33,3
1661,48,3
1662,40,3
1662,41,3
1663,38,3
1665,38,3
1665,39,3
1666,50,3
1667,49,3
1668,39,3
1668,42,3
1673,39,3
1673,42,3
1674,36,3
1675,38,3
1678,39,3
1679,45,3
1679,48,3
1681,39,3
1682,39,3
1684,39,3
1686,45,3
1687,42,3
1687,45,3
1688,50,3
1689,38,3
1693,42,3
1693,44,3
1789,34,3
1789,45,3
1793,45,3
1795,45,3
1796,45,3
1806,34,3
1806,48,3
1810,33,3
1815,34,3
1819,48,3
1832,33,3
1840,45,3
1845,45,3
1848,45,3
1849,39,3
1850,45,3
1853,39,3
1857,45,3
1867,38,3
1867,45,3
1869,33,3
1869,45,3
1871,39,3
1872,45,3
1872,48,3
1877,33,3
1878,34,3
1880,39,3
1881,39,3
1881,45,3
1885,44,3
1893,34,3
1900,33,3
1902,34,3
1914,45,3
1915,39,3
1927,39,3
1930,38,3
1930,45,3
1931,39,3
2043,48,3
2045,49,3
2047,35,3
2047,38,3
2048,38,3
2050,35,3
2050,38,3
2052,49,3
2054,38,3
2054,41,3
2054,44,3
2056,38,3
2057,38,3
2058,38,3
2059,38,3
2060,38,3
2062,49,3
2064,41,3
2067,39,3
2069,49,3
2070,38,3
2071,48,3
2072,48,3
2073,49,3
2074,38,3
2075,44,3
2076,35,3
2076,48,3
2077,49,3
2079,38,3
2083,35,3
2088,38,3
2090,33,3
2092,38,3
2093,33,3
2094,48,3
2095,39,3
2095,48,3
2096,38,3
2097,49,3
2098,48,3
2100,38,3
2101,49,3
2105,39,3
2106,48,3
2107,39,3
2108,38,3
2109,48,3
2110,41,3
2111,35,3
2111,38,3
2112,38,3
2114,48,3
2115,38,3
2116,48,3
2117,35,3
2117,48,3
2119,38,3
2121,38,3
2121,42,3
2121,56,3
2124,38,3
2125,35,3
2125,38,3
2127,35,3
2127,38,3
2127,48,3
2130,38,3
2130,39,3
2133,39,3
2134,35,3
2134,36,3
2134,38,3
2135,35,3
2137,49,3
2139,38,3
2141,39,3
2141,56,3
2142,35,3
2142,37,3
2143,35,3
2143,40,3
2144,35,3
2144,38,3
2144,56,3
2145,35,3
2145,38,3
2147,39,3
2148,39,3
2148,56,3
2150,49,3
2151,34,3
2152,35,3
2153,49,3
2154,34,3
2155,38,3
2156,39,3
2156,56,3
2157,49,3
2159,35,3
2159,48,3
2159,49,3
2160,43,3
2161,44,3
2161,49,3
2163,38,3
2163,48,3
2165,35,3
2165,48,3
2166,35,3
2166,48,3
2168,39,3
2168,41,3
2170,38,3
2170,43,3
2171,38,3
2171,49,3
2174,38,3
2174,42,3
2175,35,3
2175,41,3
2176,34,3
2177,45,3
2177,48,3
2299,35,3
2299,43,3
2301,36,3
2301,38,3
2302,38,3
2304,35,3
2304,48,3
2305,42,3
2305,48,3
2306,35,3
2306,38,3
2307,48,3
2308,35,3
2308,45,3
2312,35,3
2312,38,3
2312,48,3
2314,43,3
2315,35,3
2315,48,3
2316,35,3
2316,48,3
2319,38,3
2319,48,3
2320,35,3
2320,48,3
2321,38,3
2321,48,3
2324,38,3
2324,48,3
2328,33,3
2329,34,3
2329,48,3
2338,38,3
2339,35,3
2339,48,3
2341,35,3
2341,38,3
2343,42,3
2343,48,3
2347,35,3
2347,38,3
2347,48,3
2348,33,3
2351,35,3
2351,36,3
2352,48,3
2355,33,3
2356,35,3
2356,38,3
2357,33,3
2367,38,3
2367,48,3
2369,38,3
2369,48,3
2372,35,3
2372,37,3
2373,35,3
2373,49,3
2374,38,3
2377,38,3
2377,39,3
2379,39,3
2379,48,3
2380,38,3
2382,45,3
2382,48,3
2384,38,3
2384,48,3
2386,45,3
2386,48,3
2387,34,3
2388,35,3
2388,38,3
2388,48,3
2391,39,3
2396,43,3
2399,39,3
2401,36,3
2403,39,3
2403,44,3
2404,48,3
2405,49,3
2406,35,3
2406,38,3
2409,34,3
2409,38,3
2410,34,3
2410,38,3
2413,35,3
2413,48,3
2417,33,3
2417,39,3
2418,38,3
2419,38,3
2419,39,3
2419,48,3
2420,38,3
2420,44,3
2420,48,3
2421,38,3
2421,48,3
2422,35,3
2422,48,3
2423,45,3
2423,48,3
2423,56,3
2424,42,3
2424,56,3
2426,45,3
2426,48,3
2428,33,3
2429,35,3
2429,38,3
2555,37,3
2555,38,3
2556,38,3
2556,42,3
2557,33,3
2558,33,3
2561,34,3
2562,38,3
2562,49,3
2563,34,3
2564,39,3
2564,45,3
2565,41,3
2566,38,3
2567,38,3
2574,34,3
2574,35,3
2574,38,3
2580,45,3
2580,48,3
2582,37,3
2582,56,3
2583,45,3
2583,49,3
2585,35,3
2585,38,3
2586,34,3
2587,38,3
2587,39,3
2591,48,3
2592,36,3
2592,37,3
2594,34,3
2594,38,3
2596,36,3
2600,49,3
2601,34,3
2607,38,3
2607,41,3
2608,38,3
2609,42,3
2610,49,3
2612,38,3
2612,45,3
2613,34,3
2613,38,3
2614,33,3
2614,44,3
2615,38,3
2615,43,3
2619,36,3
2619,38,3
2620,36,3
2620,38,3
2620,39,3
2620,44,3
2621,45,3
2625,38,3
2625,49,3
2629,49,3
2632,34,3
2634,36,3
2634,45,3
2639,34,3
2639,38,3
2641,38,3
2644,38,3
2644,39,3
2647,34,3
2647,35,3
2648,34,3
2649,38,3
2649,45,3
2649,48,3
2651,45,3
2654,38,3
2655,38,3
2655,41,3
2656,38,3
2656,44,3
2658,38,3
2658,45,3
2660,34,3
2665,34,3
2680,38,3
2680,45,3
2682,48,3
2683,39,3
2683,50,3
2684,35,3
2684,49,3
2685,45,3
2685,48,3
2687,39,3
2687,48,3
2693,38,3
2693,48,3
2696,45,3
2698,35,3
2698,38,3
2699,38,3
2699,48,3
2701,34,3
2701,38,3
2703,38,3
2703,44,3
2704,39,3
2704,42,3
2705,36,3
2705,39,3
2705,50,3
2706,39,3
2706,50,3
2707,38,3
2707,41,3
2712,48,3
2713,38,3
2714,38,3
2714,48,3
2717,38,3
2717,48,3
2718,39,3
2718,50,3
2720,39,3
2720,41,3
2720,42,3
2722,39,3
2722,42,3
2726,39,3
2726,50,3
2729,45,3
2729,48,3
2730,39,3
2730,50,3
2731,39,3
2731,50,3
2732,35,3
2732,38,3
2732,41,3
2733,36,3
2733,45,3
2735,39,3
2735,50,3
2743,38,3
2743,39,3
2744,36,3
2744,41,3
2744,42,3
2745,38,3
2745,48,3
2746,36,3
2746,48,3
2747,38,3
2747,48,3
2748,45,3
2751,49,3
2753,41,3
2753,42,3
2757,38,3
2761,36,3
2766,45,3
2768,38,3
2768,39,3
2770,39,3
2770,50,3
2774,42,3
2778,38,3
2778,48,3
2779,39,3
2779,50,3
2780,39,3
2780,50,3
2782,38,3
2782,39,3
2783,38,3
2783,39,3
2783,48,3
2784,38,3
2784,48,3
2786,35,3
2786,38,3
2786,40,3
2788,39,3
2788,48,3
2809,38,3
2809,42,3
2811,38,3
2811,42,3
2812,38,3
2812,45,3
2814,34,3
2814,48,3
2817,38,3
2820,39,3
2820,42,3
2821,37,3
2821,38,3
2821,39,3
2828,34,3
2828,38,3
2832,33,3
2832,34,3
2834,34,3
2834,38,3
2834,45,3
2836,38,3
2836,49,3
2837,38,3
2837,39,3
2838,38,3
2838,40,3
2839,34,3
2839,45,3
2840,38,3
2840,42,3
2841,34,3
2841,38,3
2845,35,3
2845,38,3
2846,34,3
2846,38,3
2848,33,3
2848,34,3
2848,45,3
2852,34,3
2852,38,3
2854,36,3
2855,34,3
2855,38,3
2859,34,3
2859,35,3
2859,38,3
2860,38,3
2860,41,3
2862,33,3
2862,45,3
2866,34,3
2866,38,3
2870,34,3
2871,34,3
2872,34,3
2873,38,3
2873,45,3
2876,34,3
2876,38,3
2880,34,3
2880,38,3
2881,36,3
2886,35,3
2886,36,3
2886,39,3
2888,36,3
2888,41,3
2888,42,3
2893,45,3
2895,35,3
2895,38,3
2895,49,3
2898,39,3
2899,38,3
2901,39,3
2901,48,3
2904,38,3
2904,49,3
2905,34,3
2905,45,3
2910,48,3
2913,38,3
2913,42,3
2934,36,3
2934,39,3
2934,42,3
2934,50,3
2935,39,3
2935,41,3
2938,39,3
2938,50,3
2939,34,3
2939,45,3
2940,48,3
2942,33,3
2945,34,3
2945,45,3
2946,45,3
2949,39,3
2949,50,3
2950,49,3
2951,34,3
2951,39,3
2952,39,3
2952,44,3
2952,50,3
2958,34,3
2958,48,3
2960,39,3
2960,50,3
2962,39,3
2962,50,3
2963,39,3
2963,41,3
2964,35,3
2964,49,3
2966,38,3
2966,45,3
2968,34,3
2968,45,3
2973,39,3
2973,42,3
2974,38,3
2974,49,3
2975,38,3
2975,42,3
2976,39,3
2976,50,3
2979,42,3
2979,50,3
2980,39,3
2980,41,3
2981,38,3
2981,42,3
2983,39,3
2986,34,3
2986,45,3
2989,49,3
2991,39,3
2991,42,3
2991,44,3
2991,50,3
2993,42,3
2994,39,3
2994,50,3
2995,45,3
2996,44,3
2996,49,3
2996,50,3
2997,34,3
2998,39,3
2998,45,3
2999,48,3
3002,35,3
3002,38,3
3006,35,3
3006,49,3
3006,50,3
3007,38,3
3007,49,3
3007,50,3
3008,39,3
3009,49,3
3010,50,3
3012,35,3
3012,39,3
3015,39,3
3016,39,3
3016,50,3
3019,44,3
3019,50,3
3020,37,3
3020,49,3
3020,50,3
3021,45,3
3021,49,3
3022,39,3
3022,50,3
3024,38,3
3024,45,3
3025,38,3
3025,45,3
3026,38,3
3027,38,3
3028,49,3
3029,50,3
3030,39,3
3030,50,3
3031,39,3
3031,48,3
3032,39,3
3032,50,3
3036,38,3
3061,36,3
3061,39,3
3061,50,3
3063,34,3
3063,39,3
3063,48,3
3064,34,3
3064,48,3
3065,39,3
3065,50,3
3067,38,3
3068,48,3
3070,38,3
3070,42,3
3071,34,3
3071,48,3
3072,39,3
3072,50,3
3074,38,3
3074,45,3
3076,38,3
3076,41,3
3077,39,3
3077,41,3
3078,34,3
3078,38,3
3079,33,3
3079,45,3
3080,38,3
3080,42,3
3081,39,3
3081,50,3
3082,39,3
3082,50,3
3083,36,3
3083,41,3
3084,38,3
3086,35,3
3086,38,3
3086,42,3
3089,38,3
3090,38,3
3092,35,3
3092,38,3
3092,50,3
3095,38,3
3096,49,3
3099,38,3
3100,38,3
3102,39,3
3102,50,3
3103,39,3
3103,50,3
3105,35,3
3105,38,3
3105,42,3
3107,35,3
3107,38,3
3107,45,3
3109,38,3
3109,42,3
3113,38,3
3113,49,3
3115,39,3
3115,50,3
3116,38,3
3116,49,3
3118,36,3
3118,38,3
3121,38,3
3124,37,3
3124,38,3
3126,50,3
3128,38,3
3129,44,3
3129,50,3
3130,38,3
3130,50,3
3131,38,3
3134,38,3
3135,39,3
3135,50,3
3138,35,3
3138,36,3
3146,36,3
3148,39,3
3148,50,3
3151,39,3
3153,36,3
3153,38,3
3153,41,3
3153,50,3
3156,36,3
3160,38,3
3160,49,3
3161,39,3
3161,42,3
3189,39,3
3189,42,3
3190,39,3
3190,42,3
3193,39,3
3193,42,3
3194,39,3
3194,50,3
3196,39,3
3196,48,3
3197,35,3
3197,49,3
3198,38,3
3198,50,3
3200,38,3
3200,48,3
3202,39,3
3206,45,3
3206,48,3
3210,35,3
3210,49,3
3211,34,3
3211,48,3
3212,34,3
3214,38,3
3214,42,3
3216,48,3
3216,49,3
3218,33,3
3218,38,3
3220,39,3
3220,50,3
3221,39,3
3221,50,3
3222,33,3
3222,45,3
3225,38,3
3225,49,3
3227,34,3
3229,39,3
3229,50,3
3235,48,3
3236,34,3
3243,38,3
3243,50,3
3244,45,3
3244,48,3
3248,39,3
3251,39,3
3252,42,3
3252,45,3
3255,33,3
3256,41,3
3260,39,3
3260,42,3
3261,38,3
3261,49,3
3264,39,3
3264,41,3
3265,34,3
3265,38,3
3266,39,3
3267,50,3
3268,35,3
3268,36,3
3268,37,3
3270,45,3
3270,48,3
3271,42,3
3271,50,3
3272,38,3
3272,50,3
3273,38,3
3273,48,3
3276,38,3
3276,48,3
3277,39,3
3277,42,3
3280,39,3
3280,50,3
3283,33,3
3283,39,3
3285,39,3
3285,50,3
3315,37,3
3315,42,3
3317,39,3
3317,42,3
3321,33,3
3321,38,3
3327,36,3
3328,38,3
3328,42,3
3328,49,3
3331,39,3
3332,35,3
3332,38,3
3332,42,3
3337,36,3
3338,34,3
3339,38,3
3339,42,3
3342,35,3
3342,40,3
3343,44,3
3343,48,3
3344,38,3
3344,48,3
3346,34,3
3346,48,3
3349,49,3
3350,48,3
3351,48,3
3352,34,3
3352,38,3
3353,49,3
3354,37,3
3354,49,3
3358,36,3
3358,38,3
3359,35,3
3359,45,3
3361,36,3
3362,37,3
3363,38,3
3365,45,3
3365,49,3
3366,38,3
3366,49,3
3370,38,3
3370,41,3
3371,38,3
3371,41,3
3372,35,3
3372,40,3
3372,42,3
3373,35,3
3373,39,3
3373,42,3
3374,38,3
3374,48,3
3375,48,3
3375,49,3
3377,35,3
3377,44,3
3377,56,3
3378,39,3
3378,44,3
3379,42,3
3379,44,3
3380,38,3
3380,49,3
3382,39,3
3382,49,3
3387,38,3
3387,41,3
3388,48,3
3388,56,3
3389,48,3
3389,56,3
3390,38,3
3390,56,3
3391,49,3
3392,42,3
3394,37,3
3394,49,3
3395,34,3
3395,38,3
3396,35,3
3396,42,3
3401,48,3
3402,39,3
3402,41,3
3407,45,3
3407,48,3
3408,35,3
3408,42,3
3408,56,3
3409,35,3
3409,42,3
3409,49,3
3410,38,3
3410,44,3
3410,49,3
3443,35,3
3443,36,3
3444,45,3
3444,48,3
3448,34,3
3448,39,3
3452,37,3
3452,44,3
3453,42,3
3454,36,3
3454,38,3
3455,33,3
3455,39,3
3457,39,3
3457,41,3
3460,34,3
3460,45,3
3462,38,3
3462,44,3
3469,48,3
3469,49,3
3470,38,3
3470,41,3
3471,38,3
3471,42,3
3473,36,3
3473,39,3
3476,33,3
3476,39,3
3478,38,3
3478,41,3
3480,38,3
3480,41,3
3481,38,3
3481,42,3
3490,38,3
3490,42,3
3493,36,3
3493,37,3
3493,49,3
3496,34,3
3497,38,3
3500,38,3
3500,39,3
3500,41,3
3504,35,3
3504,38,3
3504,39,3
3506,38,3
3506,41,3
3508,39,3
3508,41,3
3511,35,3
3511,40,3
3511,42,3
3513,36,3
3513,38,3
3515,38,3
3515,42,3
3516,39,3
3516,42,3
3519,38,3
3519,41,3
3520,35,3
3520,38,3
3520,42,3
3521,38,3
3521,42,3
3529,35,3
3529,38,3
3531,36,3
3531,38,3
3532,34,3
3532,39,3
3534,45,3
3570,39,3
3570,50,3
3571,38,3
3571,49,3
3572,42,3
3572,45,3
3574,42,3
3574,50,3
3578,44,3
3578,50,3
3579,38,3
3579,39,3
3581,38,3
3581,48,3
3582,39,3
3582,50,3
3583,38,3
3583,45,3
3584,38,3
3585,50,3
3586,35,3
3586,48,3
3587,35,3
3587,48,3
3589,38,3
3590,38,3
3590,48,3
3591,48,3
3594,38,3
3594,45,3
3594,48,3
3599,37,3
3599,38,3
3600,34,3
3600,38,3
3602,38,3
3603,38,3
3603,45,3
3604,39,3
3604,41,3
3607,38,3
3607,45,3
3608,38,3
3608,45,3
3609,38,3
3609,49,3
3610,38,3
3610,44,3
3611,35,3
3611,48,3
3612,35,3
3612,40,3
3613,33,3
3613,45,3
3614,38,3
3614,42,3
3616,38,3
3616,45,3
3617,39,3
3617,41,3
3617,42,3
3618,42,3
3622,35,3
3622,38,3
3625,42,3
3629,38,3
3629,48,3
3629,50,3
3630,38,3
3630,39,3
3630,50,3
3631,38,3
3631,42,3
3632,42,3
3632,48,3
3634,34,3
3634,38,3
3634,50,3
3636,38,3
3636,48,3
3637,34,3
3638,38,3
3638,48,3
3641,39,3
3641,50,3
3643,33,3
3643,39,3
3644,37,3
3644,38,3
3644,39,3
3644,50,3
3645,38,3
3645,44,3
3645,48,3
3646,45,3
3646,48,3
3650,39,3
3650,48,3
3651,38,3
3651,49,3
3653,45,3
3653,48,3
3654,38,3
3654,49,3
3656,45,3
3656,48,3
3658,45,3
3658,48,3
3661,38,3
3661,50,3
3697,45,3
3697,48,3
3698,38,3
3698,41,3
3698,45,3
3701,38,3
3701,45,3
3702,38,3
3721,38,3
3721,41,3
3721,42,3
3721,43,3
3728,39,3
3728,42,3
3729,38,3
3729,42,3
3730,34,3
3730,39,3
3733,38,3
3733,43,3
3739,38,3
3749,48,3
3751,39,3
3751,42,3
3765,39,3
3765,42,3
3767,38,3
3767,42,3
3773,34,3
3773,49,3
3776,36,3
3776,42,3
3780,41,3
3780,42,3
3781,42,3
3781,45,3
3829,39,3
3835,44,3
3835,45,3
3842,34,3
3842,38,3
3844,33,3
3844,45,3
3847,38,3
3847,39,3
3869,38,3
3872,38,3
3872,41,3
3875,39,3
3875,42,3
3876,39,3
3876,42,3
3877,38,3
3877,48,3
3878,33,3
3878,39,3
3882,39,3
3882,42,3
3886,39,3
3886,41,3
3886,42,3
3894,33,3
3894,50,3
3897,48,3
3899,48,3
1,43,1
3011,34,1
3011,50,1
3,35,1
3,38,1
3,43,1
3,48,1
4,35,1
4,48,1
5,38,1
7,38,1
11,33,1
14,35,1
14,48,1
17,35,1
17,49,1
18,48,1
19,35,1
19,43,1
21,35,1
21,43,1
23,35,1
27,35,1
27,48,1
28,35,1
28,38,1
32,49,1
40,38,1
41,38,1
43,48,1
44,48,1
45,48,1
46,34,1
47,35,1
47,48,1
49,35,1
49,48,1
50,43,1
50,48,1
51,36,1
53,35,1
53,43,1
54,35,1
54,48,1
58,38,1
59,35,1
59,48,1
60,48,1
61,35,1
61,38,1
62,48,1
63,45,1
65,48,1
65,49,1
66,48,1
66,49,1
68,38,1
69,35,1
69,36,1
70,48,1
72,48,1
75,35,1
75,43,1
75,48,1
76,38,1
76,48,1
77,38,1
77,41,1
77,48,1
86,48,1
87,35,1
87,43,1
87,48,1
88,35,1
88,36,1
91,48,1
93,35,1
93,48,1
94,35,1
94,38,1
97,35,1
97,48,1
98,48,1
101,35,1
101,48,1
107,35,1
107,43,1
108,35,1
108,36,1
110,35,1
110,36,1
111,48,1
114,45,1
115,34,1
116,48,1
118,35,1
118,38,1
119,48,1
123,35,1
123,48,1
123,49,1
126,35,1
126,36,1
127,35,1
127,48,1
134,39,1
135,38,1
136,35,1
136,48,1
141,35,1
141,36,1
144,45,1
146,38,1
147,48,1
151,48,1
152,48,1
153,48,1
154,35,1
154,48,1
156,48,1
160,48,1
163,35,1
163,38,1
165,33,1
167,43,1
167,48,1
172,35,1
172,49,1
176,49,1
177,35,1
177,49,1
179,35,1
179,48,1
181,48,1
183,34,1
185,35,1
185,48,1
186,35,1
186,36,1
189,35,1
189,48,1
190,48,1
196,35,1
196,38,1
202,48,1
204,41,1
206,35,1
206,38,1
207,35,1
207,48,1
208,48,1
209,35,1
209,36,1
209,48,1
210,48,1
211,43,1
214,35,1
214,48,1
215,35,1
215,38,1
219,35,1
219,49,1
221,48,1
224,48,1
225,35,1
225,48,1
226,48,1
227,48,1
229,45,1
230,38,1
233,35,1
233,38,1
237,38,1
238,35,1
238,36,1
241,38,1
244,35,1
244,48,1
248,35,1
248,36,1
249,48,1
252,38,1
252,48,1
256,35,1
256,40,1
258,38,1
259,48,1
260,48,1
260,49,1
263,38,1
267,48,1
268,35,1
268,36,1
268,48,1
269,48,1
273,35,1
273,48,1
274,35,1
274,40,1
276,38,1
281,35,1
281,48,1
286,35,1
286,49,1
287,48,1
292,48,1
294,48,1
298,35,1
298,48,1
299,48,1
301,35,1
301,48,1
303,48,1
306,35,1
306,43,1
306,48,1
307,48,1
512,38,1
514,38,1
522,39,1
525,38,1
528,35,1
528,36,1
533,38,1
534,34,1
535,36,1
538,38,1
543,34,1
544,33,1
545,38,1
547,42,1
547,45,1
548,38,1
550,45,1
551,45,1
552,35,1
552,36,1
552,48,1
555,42,1
555,45,1
556,45,1
557,33,1
560,38,1
563,38,1
563,42,1
563,45,1
564,35,1
564,40,1
565,35,1
565,36,1
567,36,1
571,45,1
574,45,1
576,45,1
578,36,1
578,48,1
579,38,1
580,45,1
581,45,1
584,36,1
586,38,1
589,38,1
593,42,1
597,36,1
597,49,1
598,38,1
599,45,1
600,42,1
600,45,1
601,38,1
608,45,1
609,36,1
609,48,1
612,35,1
612,38,1
613,45,1
615,44,1
615,49,1
617,35,1
617,38,1
618,38,1
625,42,1
625,45,1
626,38,1
626,42,1
626,49,1
629,42,1
629,45,1
636,48,1
639,49,1
643,45,1
644,45,1
646,42,1
646,45,1
652,36,1
652,37,1
659,36,1
659,37,1
660,49,1
661,35,1
661,49,1
662,49,1
663,45,1
666,35,1
666,36,1
666,38,1
667,35,1
667,38,1
669,33,1
671,38,1
671,48,1
675,36,1
676,35,1
676,45,1
679,45,1
680,49,1
681,35,1
681,48,1
682,42,1
682,45,1
685,36,1
686,45,1
688,42,1
688,45,1
689,38,1
690,49,1
692,38,1
694,49,1
695,45,1
697,44,1
699,36,1
703,45,1
704,49,1
707,35,1
707,40,1
707,42,1
710,39,1
712,39,1
715,45,1
716,35,1
716,40,1
718,48,1
719,42,1
720,48,1
722,36,1
726,42,1
726,45,1
728,33,1
729,38,1
731,49,1
734,36,1
735,49,1
736,36,1
740,42,1
740,45,1
742,38,1
744,45,1
745,38,1
748,45,1
749,36,1
750,33,1
754,33,1
755,38,1
757,35,1
757,38,1
758,39,1
759,33,1
762,45,1
763,33,1
764,38,1
766,45,1
769,45,1
770,36,1
771,42,1
774,37,1
774,38,1
775,36,1
775,49,1
776,45,1
778,49,1
781,45,1
783,40,1
1027,48,1
1029,45,1
1031,39,1
1037,45,1
1040,38,1
1041,35,1
1041,38,1
1042,35,1
1042,49,1
1044,38,1
1044,42,1
1045,39,1
1047,36,1
1047,43,1
1049,48,1
1052,45,1
1053,36,1
1054,38,1
1055,38,1
1058,38,1
1059,45,1
1061,48,1
1062,38,1
1065,45,1
1067,39,1
1070,39,1
1071,33,1
1075,45,1
1077,38,1
1077,49,1
1078,45,1
1079,49,1
1081,45,1
1082,36,1
1086,38,1
1087,38,1
1090,38,1
1092,35,1
1092,36,1
1095,45,1
1096,38,1
1098,45,1
1099,45,1
1102,42,1
1105,35,1
1105,48,1
1107,39,1
1109,45,1
1110,33,1
1113,38,1
1114,48,1
1115,45,1
1118,45,1
1119,45,1
1121,45,1
1123,49,1
1124,38,1
1125,48,1
1126,45,1
1127,38,1
1133,38,1
1134,45,1
1135,39,1
1137,41,1
1138,36,1
1139,39,1
1140,38,1
1144,45,1
1146,38,1
1147,49,1
1148,35,1
1148,38,1
1149,48,1
1149,49,1
1150,48,1
1152,48,1
1153,49,1
1156,39,1
1158,48,1
1160,33,1
1161,39,1
1164,39,1
1167,48,1
1172,49,1
1173,49,1
1174,37,1
1174,49,1
1175,36,1
1177,45,1
1177,48,1
1184,38,1
1185,33,1
1188,39,1
1192,36,1
1194,45,1
1195,38,1
1196,42,1
1198,38,1
1201,36,1
1201,49,1
1202,38,1
1206,48,1
1212,38,1
1213,45,1
1214,37,1
1216,48,1
1218,35,1
1218,48,1
1219,38,1
1220,45,1
1222,45,1
1223,36,1
1223,38,1
1224,45,1
1225,38,1
1226,33,1
1227,38,1
1228,33,1
1233,39,1
1235,48,1
1282,33,1
1285,33,1
1286,34,1
1287,34,1
1288,34,1
1290,34,1
1291,33,1
1292,34,1
1295,34,1
1296,33,1
1297,33,1
1298,33,1
1299,33,1
1300,34,1
1301,34,1
1302,34,1
1304,33,1
1306,33,1
1307,34,1
1308,33,1
1309,34,1
1310,33,1
1312,34,1
1313,34,1
1314,34,1
1315,33,1
1316,34,1
1317,33,1
1318,33,1
1321,34,1
1322,33,1
1323,34,1
1324,34,1
1326,33,1
1327,34,1
1328,33,1
1329,33,1
1330,34,1
1331,34,1
1332,34,1
1333,34,1
1334,34,1
1335,33,1
1336,33,1
1337,33,1
1339,34,1
1340,33,1
1341,33,1
1343,33,1
1344,34,1
1349,34,1
1351,33,1
1353,33,1
1354,33,1
1356,33,1
1357,33,1
1358,34,1
1359,33,1
1360,33,1
1362,33,1
1363,33,1
1364,34,1
1366,34,1
1368,33,1
1369,33,1
1370,33,1
1371,33,1
1373,33,1
1374,34,1
1375,34,1
1377,34,1
1379,34,1
1380,34,1
1383,33,1
1384,33,1
1385,33,1
1386,34,1
1387,34,1
1388,34,1
1389,33,1
1390,34,1
1391,33,1
1392,34,1
1394,33,1
1396,34,1
1397,34,1
1398,33,1
1400,34,1
1401,33,1
1402,34,1
1403,33,1
1406,34,1
1407,33,1
1408,33,1
1410,34,1
1411,33,1
1412,34,1
1413,33,1
1414,33,1
1416,33,1
1418,33,1
1419,33,1
1420,34,1
1421,33,1
1422,34,1
1424,34,1
1425,33,1
1427,33,1
1428,33,1
1429,33,1
1430,33,1
1431,33,1
1432,33,1
1433,33,1
1434,34,1
1435,34,1
1436,33,1
1437,33,1
1438,33,1
1439,33,1
1440,33,1
1441,33,1
1442,33,1
1443,33,1
1444,33,1
1447,33,1
1448,33,1
1449,33,1
1451,34,1
1453,33,1
1454,33,1
1456,33,1
1458,33,1
1459,34,1
1461,34,1
1462,33,1
1463,33,1
1464,33,1
1533,38,1
1534,44,1
1538,33,1
1541,38,1
1541,44,1
1544,38,1
1549,45,1
1551,33,1
1552,36,1
1555,38,1
1557,42,1
1561,38,1
1562,37,1
1564,38,1
1566,38,1
1567,33,1
1568,38,1
1568,49,1
1569,33,1
1570,33,1
1571,45,1
1575,44,1
1576,38,1
1577,36,1
1582,45,1
1583,44,1
1584,38,1
1585,38,1
1587,39,1
1589,44,1
1591,36,1
1592,38,1
1593,38,1
1595,49,1
1600,38,1
1602,38,1
1605,38,1
1606,36,1
1608,38,1
1612,38,1
1615,33,1
1616,38,1
1617,48,1
1620,42,1
1622,34,1
1623,38,1
1624,38,1
1626,35,1
1626,38,1
1629,38,1
1630,33,1
1631,50,1
1632,36,1
1633,45,1
1636,38,1
1637,38,1
1640,50,1
1642,45,1
1647,50,1
1648,42,1
1650,38,1
1651,45,1
1653,38,1
1656,33,1
1659,38,1
1664,34,1
1669,39,1
1670,38,1
1671,38,1
1672,38,1
1676,38,1
1677,39,1
1680,38,1
1683,34,1
1685,38,1
1690,45,1
1691,44,1
1692,38,1
1694,38,1
1788,45,1
1790,48,1
1791,45,1
1792,45,1
1794,45,1
1797,33,1
1798,45,1
1799,45,1
1800,45,1
1801,45,1
1802,45,1
1803,45,1
1804,45,1
1805,45,1
1807,45,1
1808,45,1
1809,45,1
1811,45,1
1812,45,1
1813,39,1
1814,39,1
1816,45,1
1817,45,1
1818,45,1
1820,45,1
1821,45,1
1822,45,1
1823,39,1
1824,45,1
1825,45,1
1826,45,1
1827,45,1
1828,45,1
1829,45,1
1830,45,1
1831,45,1
1833,45,1
1834,45,1
1835,45,1
1836,45,1
1837,45,1
1838,45,1
1839,33,1
1841,45,1
1842,39,1
1843,45,1
1844,45,1
1846,45,1
1847,45,1
1851,45,1
1852,45,1
1854,45,1
1855,45,1
1856,45,1
1858,45,1
1859,45,1
1860,45,1
1861,45,1
1862,45,1
1863,45,1
1864,45,1
1865,45,1
1866,45,1
1868,45,1
1870,45,1
1873,33,1
1874,45,1
1875,45,1
1876,45,1
1879,45,1
1882,45,1
1883,45,1
1884,45,1
1886,45,1
1887,45,1
1888,45,1
1889,45,1
1890,39,1
1891,45,1
1892,45,1
1894,45,1
1895,45,1
1896,45,1
1897,45,1
1898,45,1
1899,48,1
1901,45,1
1903,45,1
1904,45,1
1905,45,1
1906,45,1
1907,45,1
1908,45,1
1909,45,1
1910,45,1
1911,45,1
1912,48,1
1913,45,1
1916,45,1
1917,45,1
1918,45,1
1919,45,1
1920,45,1
1921,45,1
1922,45,1
1923,45,1
1924,45,1
1925,45,1
1926,45,1
1928,38,1
1929,45,1
2044,56,1
2046,36,1
2049,38,1
2051,38,1
2053,38,1
2055,38,1
2061,48,1
2063,38,1
2065,39,1
2066,38,1
2068,38,1
2078,36,1
2080,48,1
2081,36,1
2082,38,1
2084,48,1
2085,49,1
2086,38,1
2086,48,1
2087,56,1
2089,56,1
2091,48,1
2099,38,1
2102,38,1
2103,39,1
2103,44,1
2104,48,1
2113,39,1
2118,35,1
2118,38,1
2120,38,1
2122,38,1
2123,36,1
2126,39,1
2128,38,1
2129,56,1
2131,35,1
2131,38,1
2132,39,1
2132,56,1
2136,35,1
2136,48,1
2138,38,1
2140,38,1
2146,48,1
2149,35,1
2149,48,1
2158,38,1
2162,38,1
2164,39,1
2167,39,1
2169,56,1
2172,38,1
2173,35,1
2173,48,1
2178,49,1
2179,39,1
2298,48,1
2300,48,1
2303,33,1
2309,48,1
2310,48,1
2311,48,1
2313,39,1
2317,48,1
2318,43,1
2322,38,1
2323,48,1
2325,48,1
2326,36,1
2327,48,1
2330,38,1
2331,42,1
2332,35,1
2332,36,1
2333,48,1
2334,38,1
2335,48,1
2336,48,1
2337,38,1
2340,48,1
2342,38,1
2344,49,1
2345,48,1
2345,49,1
2346,48,1
2349,48,1
2350,38,1
2353,48,1
2354,48,1
2358,48,1
2359,48,1
2360,48,1
2361,48,1
2362,39,1
2363,48,1
2364,48,1
2365,48,1
2366,35,1
2366,48,1
2368,48,1
2370,48,1
2371,48,1
2375,38,1
2376,48,1
2378,41,1
2381,35,1
2381,36,1
2383,38,1
2385,48,1
2389,33,1
2390,48,1
2392,35,1
2392,48,1
2393,48,1
2394,39,1
2395,48,1
2397,48,1
2398,48,1
2400,48,1
2402,48,1
2407,38,1
2408,48,1
2411,48,1
2412,38,1
2414,48,1
2415,35,1
2415,38,1
2416,38,1
2425,35,1
2425,48,1
2427,48,1
2553,35,1
2553,49,1
2554,38,1
2559,36,1
2560,38,1
2568,36,1
2569,39,1
2570,38,1
2571,35,1
2571,49,1
2572,38,1
2573,38,1
2575,38,1
2576,45,1
2577,38,1
2578,38,1
2579,38,1
2581,39,1
2584,38,1
2588,38,1
2589,36,1
2589,38,1
2590,38,1
2593,38,1
2595,36,1
2597,36,1
2598,38,1
2599,38,1
2602,36,1
2603,38,1
2604,38,1
2605,36,1
2606,39,1
2611,38,1
2616,38,1
2617,38,1
2618,34,1
2622,33,1
2623,36,1
2624,38,1
2626,38,1
2627,44,1
2628,49,1
2630,34,1
2631,44,1
2633,38,1
2635,36,1
2636,38,1
2637,34,1
2638,45,1
2640,38,1
2640,49,1
2642,38,1
2643,35,1
2643,38,1
2645,36,1
2645,38,1
2646,36,1
2646,49,1
2650,44,1
2652,48,1
2653,38,1
2657,38,1
2659,36,1
2661,44,1
2662,44,1
2663,44,1
2664,48,1
2666,35,1
2667,36,1
2681,45,1
2686,50,1
2688,38,1
2689,45,1
2690,39,1
2691,39,1
2692,45,1
2694,38,1
2695,48,1
2697,39,1
2700,39,1
2702,38,1
2708,38,1
2709,45,1
2710,39,1
2711,45,1
2715,39,1
2716,48,1
2719,50,1
2721,38,1
2723,36,1
2724,45,1
2725,37,1
2725,39,1
2727,45,1
2728,50,1
2734,34,1
2736,48,1
2737,39,1
2738,38,1
2739,38,1
2740,38,1
2741,45,1
2742,38,1
2749,38,1
2750,45,1
2752,45,1
2754,38,1
2755,42,1
2756,45,1
2758,38,1
2759,38,1
2760,38,1
2762,48,1
2763,41,1
2764,50,1
2765,45,1
2767,38,1
2769,43,1
2771,38,1
2772,50,1
2773,48,1
2775,37,1
2776,38,1
2777,37,1
2781,39,1
2785,48,1
2787,45,1
2789,45,1
2807,34,1
2808,36,1
2810,38,1
2813,34,1
2815,43,1
2816,36,1
2818,36,1
2819,38,1
2822,41,1
2823,38,1
2824,38,1
2825,45,1
2826,42,1
2826,45,1
2827,36,1
2829,45,1
2830,48,1
2831,45,1
2833,38,1
2835,33,1
2842,38,1
2843,36,1
2844,36,1
2847,38,1
2849,34,1
2850,45,1
2851,33,1
2853,36,1
2856,36,1
2856,38,1
2857,38,1
2858,35,1
2858,38,1
2861,42,1
2863,34,1
2864,36,1
2865,45,1
2867,45,1
2868,36,1
2869,38,1
2874,38,1
2875,34,1
2877,34,1
2878,45,1
2879,36,1
2882,37,1
2883,34,1
2884,34,1
2885,33,1
2887,41,1
2889,49,1
2890,45,1
2891,38,1
2892,36,1
2894,45,1
2896,36,1
2897,45,1
2900,36,1
2900,41,1
2902,34,1
2903,38,1
2906,36,1
2907,38,1
2908,36,1
2909,36,1
2909,43,1
2911,34,1
2912,45,1
2914,38,1
2915,45,1
2936,50,1
2937,37,1
2941,50,1
2943,39,1
2944,39,1
2944,50,1
2947,38,1
2948,34,1
2953,45,1
2954,39,1
2955,45,1
2956,38,1
2957,34,1
2959,36,1
2959,37,1
2961,44,1
2965,37,1
2967,37,1
2969,44,1
2970,38,1
2971,34,1
2972,48,1
2977,37,1
2978,36,1
2978,48,1
2982,34,1
2982,45,1
2984,37,1
2984,41,1
2985,48,1
2987,50,1
2988,49,1
2990,44,1
2990,50,1
2992,34,1
3000,44,1
3001,37,1
3001,49,1
3003,38,1
3003,45,1
3004,42,1
3005,44,1
3013,44,1
3014,39,1
3017,45,1
3018,50,1
3023,36,1
3033,50,1
3034,36,1
3035,38,1
3037,38,1
3062,35,1
3062,48,1
3066,34,1
3069,50,1
3073,50,1
3075,38,1
3085,50,1
3087,50,1
3088,50,1
3091,50,1
3093,36,1
3094,50,1
3097,50,1
3098,50,1
3101,44,1
3104,36,1
3106,50,1
3108,45,1
3110,34,1
3111,48,1
3112,50,1
3114,36,1
3117,50,1
3119,50,1
3120,34,1
3122,50,1
3123,34,1
3125,50,1
3127,34,1
3132,50,1
3133,50,1
3136,39,1
3137,48,1
3139,35,1
3139,42,1
3140,50,1
3141,38,1
3142,50,1
3143,50,1
3144,36,1
3145,38,1
3147,50,1
3149,48,1
3150,34,1
3152,36,1
3154,36,1
3155,50,1
3157,50,1
3158,35,1
3158,38,1
3159,36,1
3162,38,1
3163,44,1
3188,45,1
3191,42,1
3192,45,1
3195,45,1
3199,38,1
3201,48,1
3203,42,1
3204,34,1
3205,33,1
3207,38,1
3208,38,1
3209,38,1
3213,45,1
3215,42,1
3217,45,1
3219,45,1
3223,45,1
3224,39,1
3226,45,1
3228,33,1
3230,38,1
3231,33,1
3232,41,1
3233,39,1
3234,50,1
3237,45,1
3238,45,1
3239,33,1
3240,50,1
3241,39,1
3242,45,1
3245,41,1
3246,45,1
3247,48,1
3249,48,1
3250,34,1
3253,45,1
3254,41,1
3257,45,1
3258,45,1
3259,45,1
3262,50,1
3263,38,1
3269,39,1
3269,50,1
3274,48,1
3275,38,1
3278,48,1
3279,45,1
3281,39,1
3282,39,1
3284,36,1
3286,48,1
3287,48,1
3288,48,1
3316,37,1
3318,49,1
3319,48,1
3320,49,1
3322,37,1
3323,40,1
3323,42,1
3324,38,1
3325,38,1
3326,39,1
3329,39,1
3330,33,1
3333,33,1
3334,38,1
3335,48,1
3336,34,1
3340,45,1
3341,36,1
3345,36,1
3347,56,1
3348,39,1
3355,48,1
3356,48,1
3357,45,1
3360,37,1
3364,42,1
3367,36,1
3368,38,1
3369,45,1
3376,56,1
3381,37,1
3383,38,1
3384,48,1
3385,34,1
3386,36,1
3386,37,1
3393,48,1
3397,38,1
3398,48,1
3399,38,1
3400,38,1
3403,38,1
3404,36,1
3405,38,1
3406,49,1
3411,38,1
3412,48,1
3413,37,1
3442,48,1
3445,33,1
3446,36,1
3447,38,1
3449,37,1
3450,44,1
3451,34,1
3456,38,1
3458,39,1
3459,44,1
3461,36,1
3463,34,1
3464,45,1
3465,34,1
3466,34,1
3467,36,1
3467,39,1
3468,37,1
3472,48,1
3474,48,1
3475,36,1
3475,37,1
3477,38,1
3479,34,1
3482,36,1
3482,37,1
3483,34,1
3484,44,1
3485,41,1
3486,39,1
3487,38,1
3488,48,1
3489,39,1
3491,39,1
3492,42,1
3494,39,1
3495,44,1
3498,35,1
3498,38,1
3499,48,1
3501,38,1
3502,38,1
3503,45,1
3505,45,1
3507,36,1
3509,44,1
3510,34,1
3512,38,1
3514,36,1
3517,34,1
3518,39,1
3522,42,1
3523,44,1
3524,49,1
3525,34,1
3526,38,1
3527,34,1
3528,34,1
3530,38,1
3533,42,1
3535,34,1
3569,50,1
3573,50,1
3575,45,1
3576,39,1
3577,39,1
3580,49,1
3588,38,1
3592,48,1
3593,48,1
3595,50,1
3596,48,1
3597,35,1
3597,38,1
3598,42,1
3601,38,1
3605,49,1
3606,45,1
3615,50,1
3619,33,1
3620,39,1
3621,38,1
3623,45,1
3624,48,1
3626,45,1
3627,45,1
3628,48,1
3633,36,1
3635,44,1
3635,48,1
3639,34,1
3640,50,1
3642,45,1
3647,39,1
3648,36,1
3649,38,1
3652,45,1
3655,35,1
3655,48,1
3657,39,1
3659,50,1
3660,38,1
3662,45,1
3696,36,1
3699,49,1
3700,35,1
3700,36,1
3703,48,1
3704,35,1
3704,38,1
3705,33,1
3706,39,1
3707,41,1
3708,39,1
3709,44,1
3709,56,1
3710,34,1
3711,38,1
3712,34,1
3713,38,1
3714,38,1
3715,38,1
3716,38,1
3717,37,1
3718,38,1
3719,34,1
3720,38,1
3722,38,1
3723,36,1
3724,34,1
3725,38,1
3726,39,1
3727,33,1
3731,34,1
3732,34,1
3734,38,1
3735,38,1
3736,38,1
3737,42,1
3738,39,1
3740,38,1
3741,35,1
3741,38,1
3742,33,1
3743,38,1
3744,38,1
3745,34,1
3746,38,1
3746,39,1
3747,34,1
3748,45,1
3750,34,1
3752,33,1
3753,42,1
3754,34,1
3755,38,1
3756,34,1
3757,34,1
3758,35,1
3758,37,1
3758,49,1
3759,49,1
3760,33,1
3761,38,1
3762,38,1
3763,34,1
3764,34,1
3766,36,1
3768,35,1
3768,38,1
3769,45,1
3770,39,1
3770,49,1
3771,38,1
3772,45,1
3774,38,1
3775,36,1
3777,35,1
3777,49,1
3778,38,1
3779,38,1
3782,33,1
3783,41,1
3784,49,1
3823,39,1
3824,38,1
3824,50,1
3825,38,1
3826,42,1
3827,50,1
3828,39,1
3830,38,1
3831,45,1
3832,45,1
3833,48,1
3834,39,1
3836,38,1
3837,42,1
3838,48,1
3839,33,1
3840,45,1
3841,50,1
3843,45,1
3845,49,1
3846,39,1
3848,45,1
3849,45,1
3850,33,1
3851,48,1
3852,48,1
3853,38,1
3854,39,1
3855,45,1
3856,45,1
3857,39,1
3858,39,1
3859,45,1
3860,38,1
3861,50,1
3862,39,1
3863,49,1
3864,45,1
3865,34,1
3866,45,1
3867,39,1
3868,48,1
3870,48,1
3871,39,1
3873,33,1
3874,33,1
3879,33,1
3880,50,1
3881,39,1
3883,33,1
3884,39,1
3885,39,1
3887,39,1
3888,45,1
3889,38,1
3890,50,1
3891,48,1
3892,38,1
3893,39,1
3895,39,1
3896,50,1
3898,39,1
3900,45,1
3901,38,1
3902,39,1
3903,42,1
3904,39,1
3905,39,1
3906,45,1
3907,39,1
3908,45,1
3909,33,1
3910,56,1
3911,45,1
